iteration_no,agent_id,from_node,to_node,path_link_seq,path_node_seq
9,0,1,1,[],[1]
9,1,1,2,[0],"[2, 1]"
9,2,1,3,[1],"[3, 1]"
9,3,1,4,"[5, 1]","[4, 3, 1]"
9,4,1,5,"[8, 5, 1]","[5, 4, 3, 1]"
9,5,1,6,"[3, 0]","[6, 2, 1]"
9,6,1,7,"[19, 15, 3, 0]","[7, 8, 6, 2, 1]"
9,7,1,8,"[15, 3, 0]","[8, 6, 2, 1]"
9,8,1,9,"[12, 8, 5, 1]","[9, 5, 4, 3, 1]"
9,9,1,10,"[24, 12, 8, 5, 1]","[10, 9, 5, 4, 3, 1]"
9,10,1,11,"[9, 5, 1]","[11, 4, 3, 1]"
9,11,1,12,"[6, 1]","[12, 3, 1]"
9,12,1,13,"[36, 6, 1]","[13, 12, 3, 1]"
9,13,1,14,"[33, 9, 5, 1]","[14, 11, 4, 3, 1]"
9,14,1,15,"[40, 33, 9, 5, 1]","[15, 14, 11, 4, 3, 1]"
9,15,1,16,"[21, 15, 3, 0]","[16, 8, 6, 2, 1]"
9,16,1,17,"[29, 24, 12, 8, 5, 1]","[17, 10, 9, 5, 4, 3, 1]"
9,17,1,18,"[17, 19, 15, 3, 0]","[18, 7, 8, 6, 2, 1]"
9,18,1,19,"[44, 27, 24, 12, 8, 5, 1]","[19, 15, 10, 9, 5, 4, 3, 1]"
9,19,1,20,"[55, 17, 19, 15, 3, 0]","[20, 18, 7, 8, 6, 2, 1]"
9,20,1,21,"[68, 45, 27, 24, 12, 8, 5, 1]","[21, 22, 15, 10, 9, 5, 4, 3, 1]"
9,21,1,22,"[62, 55, 17, 19, 15, 3, 0]","[22, 20, 18, 7, 8, 6, 2, 1]"
9,22,1,23,"[75, 38, 36, 6, 1]","[23, 24, 13, 12, 3, 1]"
9,23,1,24,"[38, 36, 6, 1]","[24, 13, 12, 3, 1]"
9,24,2,1,[2],"[1, 2]"
9,25,2,2,[],[2]
9,26,2,3,"[1, 2]","[3, 1, 2]"
9,27,2,4,"[5, 1, 2]","[4, 3, 1, 2]"
9,28,2,5,"[8, 5, 1, 2]","[5, 4, 3, 1, 2]"
9,29,2,6,[3],"[6, 2]"
9,30,2,7,"[19, 15, 3]","[7, 8, 6, 2]"
9,31,2,8,"[15, 3]","[8, 6, 2]"
9,32,2,9,"[20, 15, 3]","[9, 8, 6, 2]"
9,33,2,10,"[24, 12, 14, 3]","[10, 9, 5, 6, 2]"
9,34,2,11,"[9, 10, 14, 3]","[11, 4, 5, 6, 2]"
9,35,2,12,"[6, 1, 2]","[12, 3, 1, 2]"
9,36,2,13,"[36, 6, 1, 2]","[13, 12, 3, 1, 2]"
9,37,2,14,"[33, 9, 10, 14, 3]","[14, 11, 4, 5, 6, 2]"
9,38,2,15,"[56, 52, 48, 21, 15, 3]","[15, 19, 17, 16, 8, 6, 2]"
9,39,2,16,"[21, 15, 3]","[16, 8, 6, 2]"
9,40,2,17,"[29, 24, 20, 15, 3]","[17, 10, 9, 8, 6, 2]"
9,41,2,18,"[17, 19, 15, 3]","[18, 7, 8, 6, 2]"
9,42,2,19,"[44, 27, 47, 21, 15, 3]","[19, 15, 10, 16, 8, 6, 2]"
9,43,2,20,"[55, 17, 19, 15, 3]","[20, 18, 7, 8, 6, 2]"
9,44,2,21,"[74, 38, 36, 6, 1, 2]","[21, 24, 13, 12, 3, 1, 2]"
9,45,2,22,"[62, 55, 17, 19, 15, 3]","[22, 20, 18, 7, 8, 6, 2]"
9,46,2,23,"[75, 38, 36, 6, 1, 2]","[23, 24, 13, 12, 3, 1, 2]"
9,47,2,24,"[38, 36, 6, 1, 2]","[24, 13, 12, 3, 1, 2]"
9,48,3,1,[4],"[1, 3]"
9,49,3,2,"[0, 4]","[2, 1, 3]"
9,50,3,3,[],[3]
9,51,3,4,[5],"[4, 3]"
9,52,3,5,"[8, 5]","[5, 4, 3]"
9,53,3,6,"[11, 8, 5]","[6, 5, 4, 3]"
9,54,3,7,"[19, 15, 11, 8, 5]","[7, 8, 6, 5, 4, 3]"
9,55,3,8,"[15, 3, 0, 4]","[8, 6, 2, 1, 3]"
9,56,3,9,"[12, 8, 5]","[9, 5, 4, 3]"
9,57,3,10,"[24, 12, 8, 5]","[10, 9, 5, 4, 3]"
9,58,3,11,"[35, 6]","[11, 12, 3]"
9,59,3,12,[6],"[12, 3]"
9,60,3,13,"[36, 6]","[13, 12, 3]"
9,61,3,14,"[33, 9, 5]","[14, 11, 4, 3]"
9,62,3,15,"[40, 33, 35, 6]","[15, 14, 11, 12, 3]"
9,63,3,16,"[21, 15, 11, 8, 5]","[16, 8, 6, 5, 4, 3]"
9,64,3,17,"[29, 24, 12, 8, 5]","[17, 10, 9, 5, 4, 3]"
9,65,3,18,"[49, 28, 24, 12, 8, 5]","[18, 16, 10, 9, 5, 4, 3]"
9,66,3,19,"[44, 27, 24, 12, 8, 5]","[19, 15, 10, 9, 5, 4, 3]"
9,67,3,20,"[63, 74, 38, 36, 6]","[20, 21, 24, 13, 12, 3]"
9,68,3,21,"[74, 38, 36, 6]","[21, 24, 13, 12, 3]"
9,69,3,22,"[45, 40, 33, 35, 6]","[22, 15, 14, 11, 12, 3]"
9,70,3,23,"[41, 33, 9, 5]","[23, 14, 11, 4, 3]"
9,71,3,24,"[38, 36, 6]","[24, 13, 12, 3]"
9,72,4,1,"[4, 7]","[1, 3, 4]"
9,73,4,2,"[13, 11, 8]","[2, 6, 5, 4]"
9,74,4,3,[7],"[3, 4]"
9,75,4,4,[],[4]
9,76,4,5,[8],"[5, 4]"
9,77,4,6,"[11, 8]","[6, 5, 4]"
9,78,4,7,"[19, 15, 11, 8]","[7, 8, 6, 5, 4]"
9,79,4,8,"[15, 11, 8]","[8, 6, 5, 4]"
9,80,4,9,"[12, 8]","[9, 5, 4]"
9,81,4,10,"[24, 12, 8]","[10, 9, 5, 4]"
9,82,4,11,[9],"[11, 4]"
9,83,4,12,"[6, 7]","[12, 3, 4]"
9,84,4,13,"[36, 6, 7]","[13, 12, 3, 4]"
9,85,4,14,"[33, 9]","[14, 11, 4]"
9,86,4,15,"[40, 33, 9]","[15, 14, 11, 4]"
9,87,4,16,"[21, 15, 11, 8]","[16, 8, 6, 5, 4]"
9,88,4,17,"[29, 24, 12, 8]","[17, 10, 9, 5, 4]"
9,89,4,18,"[17, 19, 15, 11, 8]","[18, 7, 8, 6, 5, 4]"
9,90,4,19,"[44, 27, 24, 12, 8]","[19, 15, 10, 9, 5, 4]"
9,91,4,20,"[55, 17, 19, 15, 11, 8]","[20, 18, 7, 8, 6, 5, 4]"
9,92,4,21,"[74, 38, 36, 6, 7]","[21, 24, 13, 12, 3, 4]"
9,93,4,22,"[45, 40, 33, 9]","[22, 15, 14, 11, 4]"
9,94,4,23,"[41, 33, 9]","[23, 14, 11, 4]"
9,95,4,24,"[38, 36, 6, 7]","[24, 13, 12, 3, 4]"
9,96,5,1,"[4, 7, 10]","[1, 3, 4, 5]"
9,97,5,2,"[13, 11]","[2, 6, 5]"
9,98,5,3,"[7, 10]","[3, 4, 5]"
9,99,5,4,[10],"[4, 5]"
9,100,5,5,[],[5]
9,101,5,6,[11],"[6, 5]"
9,102,5,7,"[19, 15, 11]","[7, 8, 6, 5]"
9,103,5,8,"[15, 11]","[8, 6, 5]"
9,104,5,9,[12],"[9, 5]"
9,105,5,10,"[24, 12]","[10, 9, 5]"
9,106,5,11,"[9, 10]","[11, 4, 5]"
9,107,5,12,"[6, 7, 10]","[12, 3, 4, 5]"
9,108,5,13,"[36, 6, 7, 10]","[13, 12, 3, 4, 5]"
9,109,5,14,"[33, 9, 10]","[14, 11, 4, 5]"
9,110,5,15,"[27, 24, 12]","[15, 10, 9, 5]"
9,111,5,16,"[21, 15, 11]","[16, 8, 6, 5]"
9,112,5,17,"[29, 24, 12]","[17, 10, 9, 5]"
9,113,5,18,"[17, 19, 15, 11]","[18, 7, 8, 6, 5]"
9,114,5,19,"[44, 27, 24, 12]","[19, 15, 10, 9, 5]"
9,115,5,20,"[55, 49, 28, 24, 12]","[20, 18, 16, 10, 9, 5]"
9,116,5,21,"[74, 38, 36, 6, 7, 10]","[21, 24, 13, 12, 3, 4, 5]"
9,117,5,22,"[45, 27, 24, 12]","[22, 15, 10, 9, 5]"
9,118,5,23,"[41, 33, 9, 10]","[23, 14, 11, 4, 5]"
9,119,5,24,"[38, 36, 6, 7, 10]","[24, 13, 12, 3, 4, 5]"
9,120,6,1,"[2, 13]","[1, 2, 6]"
9,121,6,2,[13],"[2, 6]"
9,122,6,3,"[7, 10, 14]","[3, 4, 5, 6]"
9,123,6,4,"[10, 14]","[4, 5, 6]"
9,124,6,5,[14],"[5, 6]"
9,125,6,6,[],[6]
9,126,6,7,"[19, 15]","[7, 8, 6]"
9,127,6,8,[15],"[8, 6]"
9,128,6,9,"[20, 15]","[9, 8, 6]"
9,129,6,10,"[24, 12, 14]","[10, 9, 5, 6]"
9,130,6,11,"[9, 10, 14]","[11, 4, 5, 6]"
9,131,6,12,"[6, 7, 10, 14]","[12, 3, 4, 5, 6]"
9,132,6,13,"[36, 6, 7, 10, 14]","[13, 12, 3, 4, 5, 6]"
9,133,6,14,"[33, 26, 47, 21, 15]","[14, 11, 10, 16, 8, 6]"
9,134,6,15,"[56, 52, 48, 21, 15]","[15, 19, 17, 16, 8, 6]"
9,135,6,16,"[21, 15]","[16, 8, 6]"
9,136,6,17,"[29, 47, 21, 15]","[17, 10, 16, 8, 6]"
9,137,6,18,"[17, 19, 15]","[18, 7, 8, 6]"
9,138,6,19,"[52, 48, 21, 15]","[19, 17, 16, 8, 6]"
9,139,6,20,"[55, 17, 19, 15]","[20, 18, 7, 8, 6]"
9,140,6,21,"[61, 55, 17, 19, 15]","[21, 20, 18, 7, 8, 6]"
9,141,6,22,"[45, 27, 24, 12, 14]","[22, 15, 10, 9, 5, 6]"
9,142,6,23,"[41, 33, 9, 10, 14]","[23, 14, 11, 4, 5, 6]"
9,143,6,24,"[65, 61, 55, 17, 19, 15]","[24, 21, 20, 18, 7, 8, 6]"
9,144,7,1,"[4, 7, 10, 22, 20, 16]","[1, 3, 4, 5, 9, 8, 7]"
9,145,7,2,"[0, 4, 7, 10, 22, 20, 16]","[2, 1, 3, 4, 5, 9, 8, 7]"
9,146,7,3,"[7, 10, 22, 25, 47, 54, 17]","[3, 4, 5, 9, 10, 16, 18, 7]"
9,147,7,4,"[30, 26, 47, 54, 17]","[4, 11, 10, 16, 18, 7]"
9,148,7,5,"[14, 18, 16]","[5, 6, 8, 7]"
9,149,7,6,"[18, 16]","[6, 8, 7]"
9,150,7,7,[],[7]
9,151,7,8,[16],"[8, 7]"
9,152,7,9,"[25, 47, 54, 17]","[9, 10, 16, 18, 7]"
9,153,7,10,"[50, 48, 54, 17]","[10, 17, 16, 18, 7]"
9,154,7,11,"[26, 47, 54, 17]","[11, 10, 16, 18, 7]"
9,155,7,12,"[6, 7, 10, 22, 20, 16]","[12, 3, 4, 5, 9, 8, 7]"
9,156,7,13,"[36, 6, 7, 10, 14, 18, 16]","[13, 12, 3, 4, 5, 6, 8, 7]"
9,157,7,14,"[43, 56, 52, 48, 54, 17]","[14, 15, 19, 17, 16, 18, 7]"
9,158,7,15,"[56, 52, 48, 54, 17]","[15, 19, 17, 16, 18, 7]"
9,159,7,16,"[54, 17]","[16, 18, 7]"
9,160,7,17,"[29, 47, 54, 17]","[17, 10, 16, 18, 7]"
9,161,7,18,[17],"[18, 7]"
9,162,7,19,"[52, 48, 54, 17]","[19, 17, 16, 18, 7]"
9,163,7,20,"[55, 17]","[20, 18, 7]"
9,164,7,21,"[61, 55, 17]","[21, 20, 18, 7]"
9,165,7,22,"[62, 55, 17]","[22, 20, 18, 7]"
9,166,7,23,"[69, 62, 55, 17]","[23, 22, 20, 18, 7]"
9,167,7,24,"[65, 61, 55, 17]","[24, 21, 20, 18, 7]"
9,168,8,1,"[4, 7, 10, 22, 20]","[1, 3, 4, 5, 9, 8]"
9,169,8,2,"[13, 18]","[2, 6, 8]"
9,170,8,3,"[7, 10, 22, 20]","[3, 4, 5, 9, 8]"
9,171,8,4,"[10, 22, 20]","[4, 5, 9, 8]"
9,172,8,5,"[14, 18]","[5, 6, 8]"
9,173,8,6,[18],"[6, 8]"
9,174,8,7,[19],"[7, 8]"
9,175,8,8,[],[8]
9,176,8,9,[20],"[9, 8]"
9,177,8,10,"[47, 21]","[10, 16, 8]"
9,178,8,11,"[26, 24, 20]","[11, 10, 9, 8]"
9,179,8,12,"[6, 7, 10, 14, 18]","[12, 3, 4, 5, 6, 8]"
9,180,8,13,"[36, 6, 7, 10, 22, 20]","[13, 12, 3, 4, 5, 9, 8]"
9,181,8,14,"[33, 9, 10, 14, 18]","[14, 11, 4, 5, 6, 8]"
9,182,8,15,"[27, 47, 21]","[15, 10, 16, 8]"
9,183,8,16,[21],"[16, 8]"
9,184,8,17,"[29, 47, 21]","[17, 10, 16, 8]"
9,185,8,18,"[17, 19]","[18, 7, 8]"
9,186,8,19,"[52, 48, 21]","[19, 17, 16, 8]"
9,187,8,20,"[55, 17, 19]","[20, 18, 7, 8]"
9,188,8,21,"[61, 55, 17, 19]","[21, 20, 18, 7, 8]"
9,189,8,22,"[62, 55, 17, 19]","[22, 20, 18, 7, 8]"
9,190,8,23,"[41, 43, 27, 24, 20]","[23, 14, 15, 10, 9, 8]"
9,191,8,24,"[65, 61, 55, 17, 19]","[24, 21, 20, 18, 7, 8]"
9,192,9,1,"[4, 7, 10, 22]","[1, 3, 4, 5, 9]"
9,193,9,2,"[13, 11, 22]","[2, 6, 5, 9]"
9,194,9,3,"[7, 10, 22]","[3, 4, 5, 9]"
9,195,9,4,"[10, 22]","[4, 5, 9]"
9,196,9,5,[22],"[5, 9]"
9,197,9,6,"[11, 22]","[6, 5, 9]"
9,198,9,7,"[19, 23]","[7, 8, 9]"
9,199,9,8,[23],"[8, 9]"
9,200,9,9,[],[9]
9,201,9,10,[24],"[10, 9]"
9,202,9,11,"[26, 24]","[11, 10, 9]"
9,203,9,12,"[32, 26, 24]","[12, 11, 10, 9]"
9,204,9,13,"[36, 6, 7, 30, 26, 24]","[13, 12, 3, 4, 11, 10, 9]"
9,205,9,14,"[33, 9, 10, 22]","[14, 11, 4, 5, 9]"
9,206,9,15,"[27, 24]","[15, 10, 9]"
9,207,9,16,"[28, 24]","[16, 10, 9]"
9,208,9,17,"[29, 24]","[17, 10, 9]"
9,209,9,18,"[49, 28, 24]","[18, 16, 10, 9]"
9,210,9,19,"[44, 27, 24]","[19, 15, 10, 9]"
9,211,9,20,"[55, 49, 28, 24]","[20, 18, 16, 10, 9]"
9,212,9,21,"[68, 45, 27, 24]","[21, 22, 15, 10, 9]"
9,213,9,22,"[45, 27, 24]","[22, 15, 10, 9]"
9,214,9,23,"[41, 33, 26, 24]","[23, 14, 11, 10, 9]"
9,215,9,24,"[38, 36, 6, 7, 10, 22]","[24, 13, 12, 3, 4, 5, 9]"
9,216,10,1,"[4, 34, 32, 26]","[1, 3, 12, 11, 10]"
9,217,10,2,"[0, 4, 34, 32, 26]","[2, 1, 3, 12, 11, 10]"
9,218,10,3,"[7, 10, 22, 25]","[3, 4, 5, 9, 10]"
9,219,10,4,"[30, 26]","[4, 11, 10]"
9,220,10,5,"[22, 25]","[5, 9, 10]"
9,221,10,6,"[11, 22, 25]","[6, 5, 9, 10]"
9,222,10,7,"[53, 49, 28]","[7, 18, 16, 10]"
9,223,10,8,"[46, 28]","[8, 16, 10]"
9,224,10,9,[25],"[9, 10]"
9,225,10,10,[],[10]
9,226,10,11,[26],"[11, 10]"
9,227,10,12,"[32, 26]","[12, 11, 10]"
9,228,10,13,"[36, 6, 7, 30, 26]","[13, 12, 3, 4, 11, 10]"
9,229,10,14,"[33, 26]","[14, 11, 10]"
9,230,10,15,[27],"[15, 10]"
9,231,10,16,[28],"[16, 10]"
9,232,10,17,[29],"[17, 10]"
9,233,10,18,"[49, 28]","[18, 16, 10]"
9,234,10,19,"[44, 27]","[19, 15, 10]"
9,235,10,20,"[55, 49, 28]","[20, 18, 16, 10]"
9,236,10,21,"[68, 45, 27]","[21, 22, 15, 10]"
9,237,10,22,"[45, 27]","[22, 15, 10]"
9,238,10,23,"[41, 33, 26]","[23, 14, 11, 10]"
9,239,10,24,"[72, 41, 33, 26]","[24, 23, 14, 11, 10]"
9,240,11,1,"[4, 7, 30]","[1, 3, 4, 11]"
9,241,11,2,"[13, 11, 8, 30]","[2, 6, 5, 4, 11]"
9,242,11,3,"[34, 32]","[3, 12, 11]"
9,243,11,4,[30],"[4, 11]"
9,244,11,5,"[8, 5, 34, 32]","[5, 4, 3, 12, 11]"
9,245,11,6,"[11, 8, 30]","[6, 5, 4, 11]"
9,246,11,7,"[53, 49, 28, 31]","[7, 18, 16, 10, 11]"
9,247,11,8,"[15, 11, 8, 30]","[8, 6, 5, 4, 11]"
9,248,11,9,"[25, 31]","[9, 10, 11]"
9,249,11,10,[31],"[10, 11]"
9,250,11,11,[],[11]
9,251,11,12,[32],"[12, 11]"
9,252,11,13,"[36, 32]","[13, 12, 11]"
9,253,11,14,[33],"[14, 11]"
9,254,11,15,"[40, 33]","[15, 14, 11]"
9,255,11,16,"[28, 31]","[16, 10, 11]"
9,256,11,17,"[29, 31]","[17, 10, 11]"
9,257,11,18,"[49, 28, 31]","[18, 16, 10, 11]"
9,258,11,19,"[44, 27, 31]","[19, 15, 10, 11]"
9,259,11,20,"[55, 49, 28, 31]","[20, 18, 16, 10, 11]"
9,260,11,21,"[68, 45, 40, 33]","[21, 22, 15, 14, 11]"
9,261,11,22,"[45, 40, 33]","[22, 15, 14, 11]"
9,262,11,23,"[41, 33]","[23, 14, 11]"
9,263,11,24,"[72, 41, 33]","[24, 23, 14, 11]"
9,264,12,1,"[4, 34]","[1, 3, 12]"
9,265,12,2,"[0, 4, 34]","[2, 1, 3, 12]"
9,266,12,3,[34],"[3, 12]"
9,267,12,4,"[5, 34]","[4, 3, 12]"
9,268,12,5,"[8, 5, 34]","[5, 4, 3, 12]"
9,269,12,6,"[11, 8, 5, 34]","[6, 5, 4, 3, 12]"
9,270,12,7,"[19, 15, 11, 8, 5, 34]","[7, 8, 6, 5, 4, 3, 12]"
9,271,12,8,"[15, 11, 8, 5, 34]","[8, 6, 5, 4, 3, 12]"
9,272,12,9,"[12, 8, 5, 34]","[9, 5, 4, 3, 12]"
9,273,12,10,"[31, 35]","[10, 11, 12]"
9,274,12,11,[35],"[11, 12]"
9,275,12,12,[],[12]
9,276,12,13,[36],"[13, 12]"
9,277,12,14,"[33, 35]","[14, 11, 12]"
9,278,12,15,"[40, 33, 35]","[15, 14, 11, 12]"
9,279,12,16,"[21, 15, 11, 8, 5, 34]","[16, 8, 6, 5, 4, 3, 12]"
9,280,12,17,"[29, 31, 35]","[17, 10, 11, 12]"
9,281,12,18,"[49, 28, 31, 35]","[18, 16, 10, 11, 12]"
9,282,12,19,"[44, 27, 31, 35]","[19, 15, 10, 11, 12]"
9,283,12,20,"[63, 74, 38, 36]","[20, 21, 24, 13, 12]"
9,284,12,21,"[74, 38, 36]","[21, 24, 13, 12]"
9,285,12,22,"[45, 27, 24, 12, 8, 5, 34]","[22, 15, 10, 9, 5, 4, 3, 12]"
9,286,12,23,"[75, 38, 36]","[23, 24, 13, 12]"
9,287,12,24,"[38, 36]","[24, 13, 12]"
9,288,13,1,"[4, 34, 37]","[1, 3, 12, 13]"
9,289,13,2,"[0, 4, 34, 37]","[2, 1, 3, 12, 13]"
9,290,13,3,"[34, 37]","[3, 12, 13]"
9,291,13,4,"[5, 34, 37]","[4, 3, 12, 13]"
9,292,13,5,"[8, 5, 34, 37]","[5, 4, 3, 12, 13]"
9,293,13,6,"[11, 8, 5, 34, 37]","[6, 5, 4, 3, 12, 13]"
9,294,13,7,"[19, 15, 11, 8, 5, 34, 37]","[7, 8, 6, 5, 4, 3, 12, 13]"
9,295,13,8,"[15, 3, 0, 4, 34, 37]","[8, 6, 2, 1, 3, 12, 13]"
9,296,13,9,"[12, 8, 5, 34, 37]","[9, 5, 4, 3, 12, 13]"
9,297,13,10,"[24, 12, 8, 5, 34, 37]","[10, 9, 5, 4, 3, 12, 13]"
9,298,13,11,"[35, 37]","[11, 12, 13]"
9,299,13,12,[37],"[12, 13]"
9,300,13,13,[],[13]
9,301,13,14,"[33, 35, 37]","[14, 11, 12, 13]"
9,302,13,15,"[40, 33, 35, 37]","[15, 14, 11, 12, 13]"
9,303,13,16,"[21, 15, 11, 8, 5, 34, 37]","[16, 8, 6, 5, 4, 3, 12, 13]"
9,304,13,17,"[29, 31, 35, 37]","[17, 10, 11, 12, 13]"
9,305,13,18,"[49, 28, 24, 12, 8, 5, 34, 37]","[18, 16, 10, 9, 5, 4, 3, 12, 13]"
9,306,13,19,"[44, 27, 24, 12, 8, 5, 34, 37]","[19, 15, 10, 9, 5, 4, 3, 12, 13]"
9,307,13,20,"[63, 74, 38]","[20, 21, 24, 13]"
9,308,13,21,"[68, 45, 40, 33, 35, 37]","[21, 22, 15, 14, 11, 12, 13]"
9,309,13,22,"[45, 40, 33, 35, 37]","[22, 15, 14, 11, 12, 13]"
9,310,13,23,"[75, 38]","[23, 24, 13]"
9,311,13,24,[38],"[24, 13]"
9,312,14,1,"[4, 34, 37, 73, 72, 41]","[1, 3, 12, 13, 24, 23, 14]"
9,313,14,2,"[13, 11, 8, 30, 39]","[2, 6, 5, 4, 11, 14]"
9,314,14,3,"[7, 10, 22, 25, 42, 40]","[3, 4, 5, 9, 10, 15, 14]"
9,315,14,4,"[10, 22, 25, 42, 40]","[4, 5, 9, 10, 15, 14]"
9,316,14,5,"[8, 5, 34, 32, 39]","[5, 4, 3, 12, 11, 14]"
9,317,14,6,"[11, 8, 30, 39]","[6, 5, 4, 11, 14]"
9,318,14,7,"[53, 49, 28, 31, 39]","[7, 18, 16, 10, 11, 14]"
9,319,14,8,"[15, 11, 8, 30, 39]","[8, 6, 5, 4, 11, 14]"
9,320,14,9,"[25, 31, 39]","[9, 10, 11, 14]"
9,321,14,10,"[31, 39]","[10, 11, 14]"
9,322,14,11,[39],"[11, 14]"
9,323,14,12,"[32, 39]","[12, 11, 14]"
9,324,14,13,"[36, 32, 26, 42, 40]","[13, 12, 11, 10, 15, 14]"
9,325,14,14,[],[14]
9,326,14,15,[40],"[15, 14]"
9,327,14,16,"[51, 57, 44, 40]","[16, 17, 19, 15, 14]"
9,328,14,17,"[57, 44, 40]","[17, 19, 15, 14]"
9,329,14,18,"[49, 28, 31, 39]","[18, 16, 10, 11, 14]"
9,330,14,19,"[44, 40]","[19, 15, 14]"
9,331,14,20,"[58, 44, 40]","[20, 19, 15, 14]"
9,332,14,21,"[68, 45, 40]","[21, 22, 15, 14]"
9,333,14,22,"[45, 40]","[22, 15, 14]"
9,334,14,23,[41],"[23, 14]"
9,335,14,24,"[72, 41]","[24, 23, 14]"
9,336,15,1,"[4, 7, 10, 22, 25, 42]","[1, 3, 4, 5, 9, 10, 15]"
9,337,15,2,"[13, 18, 46, 51, 57, 44]","[2, 6, 8, 16, 17, 19, 15]"
9,338,15,3,"[7, 10, 22, 25, 42]","[3, 4, 5, 9, 10, 15]"
9,339,15,4,"[30, 39, 43]","[4, 11, 14, 15]"
9,340,15,5,"[22, 25, 42]","[5, 9, 10, 15]"
9,341,15,6,"[18, 46, 51, 57, 44]","[6, 8, 16, 17, 19, 15]"
9,342,15,7,"[53, 59, 58, 44]","[7, 18, 20, 19, 15]"
9,343,15,8,"[46, 51, 57, 44]","[8, 16, 17, 19, 15]"
9,344,15,9,"[25, 42]","[9, 10, 15]"
9,345,15,10,[42],"[10, 15]"
9,346,15,11,"[26, 42]","[11, 10, 15]"
9,347,15,12,"[32, 39, 43]","[12, 11, 14, 15]"
9,348,15,13,"[36, 6, 7, 30, 26, 50, 57, 44]","[13, 12, 3, 4, 11, 10, 17, 19, 15]"
9,349,15,14,[43],"[14, 15]"
9,350,15,15,[],[15]
9,351,15,16,"[54, 59, 58, 44]","[16, 18, 20, 19, 15]"
9,352,15,17,"[57, 44]","[17, 19, 15]"
9,353,15,18,"[49, 51, 57, 44]","[18, 16, 17, 19, 15]"
9,354,15,19,[44],"[19, 15]"
9,355,15,20,"[58, 44]","[20, 19, 15]"
9,356,15,21,"[68, 45]","[21, 22, 15]"
9,357,15,22,[45],"[22, 15]"
9,358,15,23,"[41, 43]","[23, 14, 15]"
9,359,15,24,"[65, 68, 45]","[24, 21, 22, 15]"
9,360,16,1,"[4, 7, 10, 22, 25, 47]","[1, 3, 4, 5, 9, 10, 16]"
9,361,16,2,"[13, 18, 46]","[2, 6, 8, 16]"
9,362,16,3,"[7, 10, 22, 25, 47]","[3, 4, 5, 9, 10, 16]"
9,363,16,4,"[30, 26, 47]","[4, 11, 10, 16]"
9,364,16,5,"[8, 30, 26, 47]","[5, 4, 11, 10, 16]"
9,365,16,6,"[11, 22, 25, 50, 48]","[6, 5, 9, 10, 17, 16]"
9,366,16,7,"[53, 49]","[7, 18, 16]"
9,367,16,8,[46],"[8, 16]"
9,368,16,9,"[25, 47]","[9, 10, 16]"
9,369,16,10,"[50, 48]","[10, 17, 16]"
9,370,16,11,"[26, 47]","[11, 10, 16]"
9,371,16,12,"[32, 26, 47]","[12, 11, 10, 16]"
9,372,16,13,"[36, 6, 7, 10, 14, 18, 16, 53, 49]","[13, 12, 3, 4, 5, 6, 8, 7, 18, 16]"
9,373,16,14,"[43, 56, 52, 48]","[14, 15, 19, 17, 16]"
9,374,16,15,"[56, 52, 48]","[15, 19, 17, 16]"
9,375,16,16,[],[16]
9,376,16,17,"[29, 47]","[17, 10, 16]"
9,377,16,18,[49],"[18, 16]"
9,378,16,19,"[52, 48]","[19, 17, 16]"
9,379,16,20,"[55, 49]","[20, 18, 16]"
9,380,16,21,"[61, 55, 49]","[21, 20, 18, 16]"
9,381,16,22,"[45, 27, 47]","[22, 15, 10, 16]"
9,382,16,23,"[41, 43, 56, 52, 48]","[23, 14, 15, 19, 17, 16]"
9,383,16,24,"[65, 61, 55, 49]","[24, 21, 20, 18, 16]"
9,384,17,1,"[4, 7, 10, 22, 25, 47, 51]","[1, 3, 4, 5, 9, 10, 16, 17]"
9,385,17,2,"[0, 4, 34, 32, 26, 50]","[2, 1, 3, 12, 11, 10, 17]"
9,386,17,3,"[7, 10, 22, 25, 50]","[3, 4, 5, 9, 10, 17]"
9,387,17,4,"[10, 22, 25, 50]","[4, 5, 9, 10, 17]"
9,388,17,5,"[14, 18, 46, 51]","[5, 6, 8, 16, 17]"
9,389,17,6,"[18, 46, 51]","[6, 8, 16, 17]"
9,390,17,7,"[53, 49, 51]","[7, 18, 16, 17]"
9,391,17,8,"[46, 51]","[8, 16, 17]"
9,392,17,9,"[25, 47, 51]","[9, 10, 16, 17]"
9,393,17,10,[50],"[10, 17]"
9,394,17,11,"[26, 50]","[11, 10, 17]"
9,395,17,12,"[6, 7, 10, 22, 25, 50]","[12, 3, 4, 5, 9, 10, 17]"
9,396,17,13,"[36, 32, 26, 50]","[13, 12, 11, 10, 17]"
9,397,17,14,"[43, 56, 52]","[14, 15, 19, 17]"
9,398,17,15,"[56, 52]","[15, 19, 17]"
9,399,17,16,[51],"[16, 17]"
9,400,17,17,[],[17]
9,401,17,18,"[49, 51]","[18, 16, 17]"
9,402,17,19,[52],"[19, 17]"
9,403,17,20,"[58, 52]","[20, 19, 17]"
9,404,17,21,"[61, 58, 52]","[21, 20, 19, 17]"
9,405,17,22,"[45, 56, 52]","[22, 15, 19, 17]"
9,406,17,23,"[41, 33, 26, 50]","[23, 14, 11, 10, 17]"
9,407,17,24,"[65, 61, 58, 52]","[24, 21, 20, 19, 17]"
9,408,18,1,"[4, 7, 10, 22, 25, 47, 54]","[1, 3, 4, 5, 9, 10, 16, 18]"
9,409,18,2,"[13, 18, 16, 53]","[2, 6, 8, 7, 18]"
9,410,18,3,"[7, 10, 22, 25, 47, 54]","[3, 4, 5, 9, 10, 16, 18]"
9,411,18,4,"[30, 26, 47, 54]","[4, 11, 10, 16, 18]"
9,412,18,5,"[14, 18, 46, 54]","[5, 6, 8, 16, 18]"
9,413,18,6,"[11, 8, 30, 26, 47, 54]","[6, 5, 4, 11, 10, 16, 18]"
9,414,18,7,[53],"[7, 18]"
9,415,18,8,"[16, 53]","[8, 7, 18]"
9,416,18,9,"[25, 47, 54]","[9, 10, 16, 18]"
9,417,18,10,"[47, 54]","[10, 16, 18]"
9,418,18,11,"[26, 47, 54]","[11, 10, 16, 18]"
9,419,18,12,"[32, 26, 47, 54]","[12, 11, 10, 16, 18]"
9,420,18,13,"[36, 6, 7, 10, 22, 25, 47, 54]","[13, 12, 3, 4, 5, 9, 10, 16, 18]"
9,421,18,14,"[43, 56, 52, 48, 54]","[14, 15, 19, 17, 16, 18]"
9,422,18,15,"[56, 52, 48, 54]","[15, 19, 17, 16, 18]"
9,423,18,16,[54],"[16, 18]"
9,424,18,17,"[29, 47, 54]","[17, 10, 16, 18]"
9,425,18,18,[],[18]
9,426,18,19,"[52, 48, 54]","[19, 17, 16, 18]"
9,427,18,20,[55],"[20, 18]"
9,428,18,21,"[61, 55]","[21, 20, 18]"
9,429,18,22,"[45, 56, 60, 55]","[22, 15, 19, 20, 18]"
9,430,18,23,"[41, 43, 56, 60, 55]","[23, 14, 15, 19, 20, 18]"
9,431,18,24,"[65, 61, 55]","[24, 21, 20, 18]"
9,432,19,1,"[4, 34, 32, 26, 50, 48, 54, 59, 58]","[1, 3, 12, 11, 10, 17, 16, 18, 20, 19]"
9,433,19,2,"[13, 18, 46, 51, 57]","[2, 6, 8, 16, 17, 19]"
9,434,19,3,"[34, 32, 26, 50, 57]","[3, 12, 11, 10, 17, 19]"
9,435,19,4,"[10, 22, 25, 42, 56]","[4, 5, 9, 10, 15, 19]"
9,436,19,5,"[14, 18, 46, 54, 59, 58]","[5, 6, 8, 16, 18, 20, 19]"
9,437,19,6,"[18, 46, 51, 57]","[6, 8, 16, 17, 19]"
9,438,19,7,"[53, 59, 58]","[7, 18, 20, 19]"
9,439,19,8,"[46, 51, 57]","[8, 16, 17, 19]"
9,440,19,9,"[25, 42, 56]","[9, 10, 15, 19]"
9,441,19,10,"[50, 48, 54, 59, 58]","[10, 17, 16, 18, 20, 19]"
9,442,19,11,"[26, 42, 56]","[11, 10, 15, 19]"
9,443,19,12,"[32, 39, 43, 56]","[12, 11, 14, 15, 19]"
9,444,19,13,"[36, 6, 7, 30, 26, 50, 57]","[13, 12, 3, 4, 11, 10, 17, 19]"
9,445,19,14,"[43, 56]","[14, 15, 19]"
9,446,19,15,[56],"[15, 19]"
9,447,19,16,"[51, 57]","[16, 17, 19]"
9,448,19,17,[57],"[17, 19]"
9,449,19,18,"[49, 51, 57]","[18, 16, 17, 19]"
9,450,19,19,[],[19]
9,451,19,20,[58],"[20, 19]"
9,452,19,21,"[61, 58]","[21, 20, 19]"
9,453,19,22,"[45, 56]","[22, 15, 19]"
9,454,19,23,"[41, 43, 56]","[23, 14, 15, 19]"
9,455,19,24,"[65, 68, 62, 58]","[24, 21, 22, 20, 19]"
9,456,20,1,"[4, 7, 10, 22, 25, 47, 54, 59]","[1, 3, 4, 5, 9, 10, 16, 18, 20]"
9,457,20,2,"[13, 18, 16, 53, 59]","[2, 6, 8, 7, 18, 20]"
9,458,20,3,"[7, 10, 22, 25, 42, 66, 62]","[3, 4, 5, 9, 10, 15, 22, 20]"
9,459,20,4,"[10, 22, 20, 16, 53, 59]","[4, 5, 9, 8, 7, 18, 20]"
9,460,20,5,"[22, 25, 47, 54, 59]","[5, 9, 10, 16, 18, 20]"
9,461,20,6,"[18, 16, 53, 59]","[6, 8, 7, 18, 20]"
9,462,20,7,"[53, 59]","[7, 18, 20]"
9,463,20,8,"[16, 53, 59]","[8, 7, 18, 20]"
9,464,20,9,"[25, 47, 54, 59]","[9, 10, 16, 18, 20]"
9,465,20,10,"[42, 56, 60]","[10, 15, 19, 20]"
9,466,20,11,"[26, 42, 66, 62]","[11, 10, 15, 22, 20]"
9,467,20,12,"[37, 73, 65, 61]","[12, 13, 24, 21, 20]"
9,468,20,13,"[36, 32, 26, 50, 48, 54, 59]","[13, 12, 11, 10, 17, 16, 18, 20]"
9,469,20,14,"[33, 26, 50, 57, 60]","[14, 11, 10, 17, 19, 20]"
9,470,20,15,"[56, 60]","[15, 19, 20]"
9,471,20,16,"[54, 59]","[16, 18, 20]"
9,472,20,17,"[29, 47, 54, 59]","[17, 10, 16, 18, 20]"
9,473,20,18,[59],"[18, 20]"
9,474,20,19,"[52, 48, 54, 59]","[19, 17, 16, 18, 20]"
9,475,20,20,[],[20]
9,476,20,21,"[68, 62]","[21, 22, 20]"
9,477,20,22,[62],"[22, 20]"
9,478,20,23,"[69, 62]","[23, 22, 20]"
9,479,20,24,"[65, 61]","[24, 21, 20]"
9,480,21,1,"[4, 7, 30, 39, 43, 66, 64]","[1, 3, 4, 11, 14, 15, 22, 21]"
9,481,21,2,"[13, 18, 16, 53, 59, 63]","[2, 6, 8, 7, 18, 20, 21]"
9,482,21,3,"[7, 10, 22, 25, 42, 66, 64]","[3, 4, 5, 9, 10, 15, 22, 21]"
9,483,21,4,"[30, 39, 70, 75, 65]","[4, 11, 14, 23, 24, 21]"
9,484,21,5,"[14, 18, 46, 54, 59, 67, 64]","[5, 6, 8, 16, 18, 20, 22, 21]"
9,485,21,6,"[11, 22, 25, 42, 66, 64]","[6, 5, 9, 10, 15, 22, 21]"
9,486,21,7,"[53, 59, 67, 64]","[7, 18, 20, 22, 21]"
9,487,21,8,"[16, 53, 59, 63]","[8, 7, 18, 20, 21]"
9,488,21,9,"[12, 8, 5, 34, 37, 73, 65]","[9, 5, 4, 3, 12, 13, 24, 21]"
9,489,21,10,"[31, 35, 37, 73, 65]","[10, 11, 12, 13, 24, 21]"
9,490,21,11,"[39, 43, 66, 64]","[11, 14, 15, 22, 21]"
9,491,21,12,"[37, 73, 65]","[12, 13, 24, 21]"
9,492,21,13,"[36, 6, 7, 10, 14, 18, 16, 53, 59, 63]","[13, 12, 3, 4, 5, 6, 8, 7, 18, 20, 21]"
9,493,21,14,"[70, 75, 65]","[14, 23, 24, 21]"
9,494,21,15,"[66, 64]","[15, 22, 21]"
9,495,21,16,"[54, 59, 67, 64]","[16, 18, 20, 22, 21]"
9,496,21,17,"[57, 44, 66, 64]","[17, 19, 15, 22, 21]"
9,497,21,18,"[49, 28, 31, 39, 70, 75, 65]","[18, 16, 10, 11, 14, 23, 24, 21]"
9,498,21,19,"[52, 48, 54, 59, 63]","[19, 17, 16, 18, 20, 21]"
9,499,21,20,[63],"[20, 21]"
9,500,21,21,[],[21]
9,501,21,22,[64],"[22, 21]"
9,502,21,23,"[69, 64]","[23, 22, 21]"
9,503,21,24,[65],"[24, 21]"
9,504,22,1,"[4, 34, 32, 26, 50, 48, 54, 59, 67]","[1, 3, 12, 11, 10, 17, 16, 18, 20, 22]"
9,505,22,2,"[0, 4, 7, 10, 22, 25, 42, 66]","[2, 1, 3, 4, 5, 9, 10, 15, 22]"
9,506,22,3,"[7, 10, 22, 25, 42, 66]","[3, 4, 5, 9, 10, 15, 22]"
9,507,22,4,"[5, 34, 37, 73, 72, 69]","[4, 3, 12, 13, 24, 23, 22]"
9,508,22,5,"[14, 18, 46, 54, 59, 67]","[5, 6, 8, 16, 18, 20, 22]"
9,509,22,6,"[18, 16, 53, 59, 67]","[6, 8, 7, 18, 20, 22]"
9,510,22,7,"[53, 49, 28, 42, 66]","[7, 18, 16, 10, 15, 22]"
9,511,22,8,"[15, 11, 8, 30, 39, 70, 69]","[8, 6, 5, 4, 11, 14, 23, 22]"
9,512,22,9,"[25, 42, 66]","[9, 10, 15, 22]"
9,513,22,10,"[50, 48, 54, 59, 67]","[10, 17, 16, 18, 20, 22]"
9,514,22,11,"[26, 42, 66]","[11, 10, 15, 22]"
9,515,22,12,"[6, 7, 10, 22, 25, 42, 66]","[12, 3, 4, 5, 9, 10, 15, 22]"
9,516,22,13,"[36, 6, 7, 10, 14, 18, 16, 53, 59, 63, 68]","[13, 12, 3, 4, 5, 6, 8, 7, 18, 20, 21, 22]"
9,517,22,14,"[70, 69]","[14, 23, 22]"
9,518,22,15,"[40, 70, 69]","[15, 14, 23, 22]"
9,519,22,16,"[51, 57, 44, 40, 70, 69]","[16, 17, 19, 15, 14, 23, 22]"
9,520,22,17,"[29, 42, 66]","[17, 10, 15, 22]"
9,521,22,18,"[59, 67]","[18, 20, 22]"
9,522,22,19,"[60, 67]","[19, 20, 22]"
9,523,22,20,[67],"[20, 22]"
9,524,22,21,[68],"[21, 22]"
9,525,22,22,[],[22]
9,526,22,23,[69],"[23, 22]"
9,527,22,24,"[65, 68]","[24, 21, 22]"
9,528,23,1,"[4, 34, 37, 73, 72]","[1, 3, 12, 13, 24, 23]"
9,529,23,2,"[0, 4, 34, 37, 73, 72]","[2, 1, 3, 12, 13, 24, 23]"
9,530,23,3,"[7, 30, 39, 43, 66, 64, 74, 72]","[3, 4, 11, 14, 15, 22, 21, 24, 23]"
9,531,23,4,"[10, 22, 20, 16, 53, 59, 67, 71]","[4, 5, 9, 8, 7, 18, 20, 22, 23]"
9,532,23,5,"[8, 30, 39, 70]","[5, 4, 11, 14, 23]"
9,533,23,6,"[11, 8, 30, 39, 70]","[6, 5, 4, 11, 14, 23]"
9,534,23,7,"[53, 59, 63, 74, 72]","[7, 18, 20, 21, 24, 23]"
9,535,23,8,"[23, 25, 42, 66, 71]","[8, 9, 10, 15, 22, 23]"
9,536,23,9,"[12, 8, 5, 34, 37, 73, 72]","[9, 5, 4, 3, 12, 13, 24, 23]"
9,537,23,10,"[31, 35, 37, 73, 72]","[10, 11, 12, 13, 24, 23]"
9,538,23,11,"[26, 42, 66, 71]","[11, 10, 15, 22, 23]"
9,539,23,12,"[32, 39, 70]","[12, 11, 14, 23]"
9,540,23,13,"[36, 6, 7, 30, 39, 43, 66, 64, 74, 72]","[13, 12, 3, 4, 11, 14, 15, 22, 21, 24, 23]"
9,541,23,14,[70],"[14, 23]"
9,542,23,15,"[66, 71]","[15, 22, 23]"
9,543,23,16,"[51, 57, 44, 40, 70]","[16, 17, 19, 15, 14, 23]"
9,544,23,17,"[29, 31, 35, 37, 73, 72]","[17, 10, 11, 12, 13, 24, 23]"
9,545,23,18,"[49, 28, 42, 66, 71]","[18, 16, 10, 15, 22, 23]"
9,546,23,19,"[44, 40, 70]","[19, 15, 14, 23]"
9,547,23,20,"[67, 71]","[20, 22, 23]"
9,548,23,21,"[74, 72]","[21, 24, 23]"
9,549,23,22,[71],"[22, 23]"
9,550,23,23,[],[23]
9,551,23,24,[72],"[24, 23]"
9,552,24,1,"[4, 34, 37, 73]","[1, 3, 12, 13, 24]"
9,553,24,2,"[0, 4, 34, 32, 39, 70, 75]","[2, 1, 3, 12, 11, 14, 23, 24]"
9,554,24,3,"[7, 10, 22, 25, 42, 66, 71, 75]","[3, 4, 5, 9, 10, 15, 22, 23, 24]"
9,555,24,4,"[10, 22, 25, 42, 66, 71, 75]","[4, 5, 9, 10, 15, 22, 23, 24]"
9,556,24,5,"[14, 18, 46, 54, 59, 67, 64, 74]","[5, 6, 8, 16, 18, 20, 22, 21, 24]"
9,557,24,6,"[18, 16, 53, 59, 63, 74]","[6, 8, 7, 18, 20, 21, 24]"
9,558,24,7,"[53, 59, 67, 64, 74]","[7, 18, 20, 22, 21, 24]"
9,559,24,8,"[16, 53, 59, 63, 74]","[8, 7, 18, 20, 21, 24]"
9,560,24,9,"[25, 42, 66, 64, 74]","[9, 10, 15, 22, 21, 24]"
9,561,24,10,"[31, 35, 37, 73]","[10, 11, 12, 13, 24]"
9,562,24,11,"[26, 42, 66, 71, 75]","[11, 10, 15, 22, 23, 24]"
9,563,24,12,"[37, 73]","[12, 13, 24]"
9,564,24,13,"[36, 6, 7, 10, 14, 18, 16, 53, 59, 63, 74]","[13, 12, 3, 4, 5, 6, 8, 7, 18, 20, 21, 24]"
9,565,24,14,"[43, 66, 71, 75]","[14, 15, 22, 23, 24]"
9,566,24,15,"[66, 71, 75]","[15, 22, 23, 24]"
9,567,24,16,"[54, 59, 67, 64, 74]","[16, 18, 20, 22, 21, 24]"
9,568,24,17,"[29, 31, 35, 37, 73]","[17, 10, 11, 12, 13, 24]"
9,569,24,18,"[59, 63, 74]","[18, 20, 21, 24]"
9,570,24,19,"[44, 66, 64, 74]","[19, 15, 22, 21, 24]"
9,571,24,20,"[63, 74]","[20, 21, 24]"
9,572,24,21,[74],"[21, 24]"
9,573,24,22,"[64, 74]","[22, 21, 24]"
9,574,24,23,[75],"[23, 24]"
9,575,24,24,[],[24]
